map,number,in the teacher's and his jump training,what a walker can do there,take-off: nearest item (units away),landing: nearest item (units away),length,rise (landing higher by),speed it needs,pros' speed at take-off: slowest tenth,middle,fastest tenth,times an hour,times seen,seconds in the air,a walker's seconds for the same,what it reaches sooner,take-off x y z,landing x y z
Blood Run,1,yes,just makes it,SG (153),RA (81),316,0,375,342,446,564,27.3,1052,0.68,1.0,,208 -80 537,-89 -23 537
Blood Run,2,yes,slower,RA (77),SG (149),292,0,395,332,369,425,11.5,442,0.68,5.9,YA 2.2 s sooner,-105 -38 537,166 -106 537
Blood Run,3,yes,slower,YA (466),RL (121),539,-160,446,365,457,526,4.3,164,1.08,2.5,RL 1.2 s sooner,661 -700 442,674 -1248 280
Blood Run,4,no,a way beside it,SG (98),GL (49),523,-129,424,362,489,568,3.6,140,1.0,1.8,,259 -126 537,-224 -284 409
Blood Run,5,yes,slower,YA (468),RL (280),540,-160,451,367,456,514,3.6,138,1.08,3.3,,650 -697 442,445 -1205 280
Blood Run,6,no,a way beside it,SG (96),GL (132),534,-129,461,404,485,555,3.6,137,1.0,1.9,,279 -131 537,-169 -418 408
Blood Run,7,yes,just makes it,LG (165),LG (372),286,5,392,334,387,452,2.0,77,0.65,0.9,,769 251 88,1039 325 96
Blood Run,8,yes,just makes it,SG (72),GL (88),429,-128,366,320,367,450,1.8,68,1.0,1.5,,197 -264 537,-198 -385 409
Blood Run,9,yes,just makes it,SG (141),GL (118),424,-128,348,306,373,503,1.4,55,1.0,1.5,,205 -355 537,-202 -425 408
Blood Run,10,no,a way beside it,SG (87),RA (84),337,-1,419,370,474,540,1.2,46,0.7,1.5,,170 -237 538,-96 -37 536
Blood Run,11,yes,just makes it,RL (83),RL (361),292,0,383,324,372,437,1.1,43,0.68,1.0,,639 -1294 280,388 -1146 281
Blood Run,12,no,a way beside it,LG (472),,465,-192,401,369,398,454,1.0,37,1.12,0.8,,889 599 440,1122 201 248
Blood Run,13,yes,just makes it,RA (44),GL (86),378,-128,329,301,347,423,0.9,35,1.0,1.4,,-169 -26 537,-248 -405 409
Blood Run,14,yes,just makes it,RL (68),RL (334),256,30,403,369,422,493,0.8,32,0.57,0.8,,719 -1322 280,918 -1145 305
Blood Run,15,no,slower,SG (114),GL (39),559,-127,545,463,506,561,0.5,18,1.0,2.0,,290 -116 537,-235 -288 409
Blood Run,16,no,slower,RA (71),SG (439),406,-449,272,207,241,311,0.2,7,1.45,2.7,MH 1.3 s sooner; LG 1.3 s sooner; YA2 1.3 s sooner,-105 -28 537,255 -226 88
Blood Run,17,no,up a ledge,,,156,46,385,346,388,439,12.8,494,0.38,0.6,,211 -753 344,57 -738 391
Blood Run,18,no,up a ledge,YA (430),YA (457),147,45,375,336,379,437,5.9,228,0.38,0.6,,307 -1100 280,290 -954 327
Blood Run,19,no,up a ledge,PG (190),PG (435),251,33,427,394,461,519,5.7,219,0.52,0.9,,340 528 569,456 745 602
Blood Run,20,no,up a ledge,GL (467),,219,33,371,322,374,455,5.0,193,0.52,0.4,,-32 -730 408,170 -799 442
Blood Run,21,no,up a ledge,LG (395),LG (407),159,45,381,337,383,432,4.5,175,0.4,0.5,,739 532 440,698 378 486
Blood Run,22,no,up a ledge,RG (241),RG (396),158,44,359,336,396,523,4.1,159,0.38,0.6,,49 -223 24,199 -227 70
Blood Run,23,no,up a ledge,GL (307),RA (380),156,45,361,325,379,492,4.0,155,0.38,0.5,,-519 -163 408,-533 -9 454
Blood Run,24,no,up a ledge,RL (215),RL (353),150,45,385,340,376,430,2.6,102,0.38,0.5,,849 -1247 280,911 -1116 327
Blood Run,25,no,up a ledge,PG (82),PG (185),219,33,392,339,372,429,2.4,93,0.52,0.9,,263 313 537,350 513 570
Blood Run,26,no,up a ledge,PG (330),YA (109),240,50,415,363,426,465,2.3,90,0.52,1.0,,551 364 488,329 266 538
Blood Run,27,no,up a ledge,LG (429),PG (314),160,46,369,333,461,530,2.2,85,0.35,0.6,,604 606 440,441 607 487
Blood Run,28,no,up a ledge,LG (372),PG (345),156,46,396,350,384,442,2.0,76,0.38,0.6,,689 477 440,567 380 487
Blood Run,29,no,up a ledge,PG (289),PG (366),128,46,366,337,377,430,1.6,62,0.32,0.4,,487 465 440,587 380 487
Blood Run,30,no,up a ledge,RG (32),RG (239),235,43,470,468,521,594,1.2,48,0.45,0.9,,-187 -194 17,-377 -81 59
Blood Run,31,no,up a ledge,YA (458),,157,45,371,348,444,510,1.2,46,0.34,0.5,,744 -719 440,663 -584 487
Aerowalk,1,yes,cannot,LG (74),RA (64),269,38,425,373,466,538,32.4,1216,0.55,,RA no other way,-288 246 322,-372 -8 360
Aerowalk,2,yes,slower,RG (162),RL (165),291,0,389,342,381,425,13.1,493,0.7,3.0,RL 1.9 s sooner,305 -391 376,370 -113 376
Aerowalk,3,yes,just makes it,SG (254),SG (245),259,0,340,302,347,396,11.8,444,0.68,1.0,,-3 81 144,253 58 145
Aerowalk,4,yes,just makes it,RA (46),LG (66),330,-40,351,300,347,401,10.0,374,0.82,1.2,,-389 -26 360,-293 282 320
Aerowalk,5,yes,just makes it,SG (252),SG (250),258,0,337,305,351,452,9.9,372,0.68,1.0,,262 69 144,11 90 145
Aerowalk,6,yes,slower,SG (317),MH (44),354,-72,357,321,362,414,8.2,308,0.9,2.1,MH 1.2 s sooner,-78 -134 144,112 -424 73
Aerowalk,7,yes,slower,RL (144),RG (152),299,0,396,341,376,435,5.2,194,0.7,3.1,RG 2.4 s sooner; RL 1.0 s sooner,379 -95 376,284 -376 376
Aerowalk,8,no,a way beside it,RL (265),SG (270),350,0,434,373,469,524,4.7,178,0.7,1.3,,309 -9 145,-48 -34 145
Aerowalk,9,no,a way beside it,GL (318),GL (270),304,-2,384,358,400,440,4.4,165,0.73,1.1,,928 -180 379,847 -474 376
Aerowalk,10,yes,just makes it,LG (259),LG (55),311,1,399,367,428,485,2.9,107,0.68,1.0,,-41 467 322,-270 253 321
Aerowalk,11,no,a way beside it,SG (332),MH (106),357,-72,357,317,355,414,2.8,106,0.9,1.7,,-84 -157 144,192 -379 72
Aerowalk,12,no,a way beside it,RL (272),MH (79),379,-72,385,325,374,430,2.4,91,0.9,1.4,,325 -64 144,167 -396 72
Aerowalk,13,no,a way beside it,RG (80),SG (272),440,-232,328,299,342,398,2.1,80,1.17,1.7,,115 -399 376,-56 -4 144
Aerowalk,14,no,a way beside it,RL (248),SG (237),338,0,446,400,480,542,2.0,76,0.68,1.2,,346 -14 145,26 73 144
Aerowalk,15,no,a way beside it,RL (91),SG (329),501,-232,373,330,362,409,1.9,72,1.17,2.0,,358 45 377,-105 -115 144
Aerowalk,16,yes,just makes it,RL (152),RL (222),339,1,459,412,462,527,1.9,70,0.68,1.1,,370 -98 376,364 237 378
Aerowalk,17,yes,slower,RG (148),RL (261),430,-233,332,324,364,418,1.7,63,1.17,3.6,,291 -395 377,313 25 144
Aerowalk,18,yes,slower,RG (44),RL (241),466,-233,357,318,359,416,1.6,61,1.17,3.4,YA 1.3 s sooner,143 -425 377,371 -18 144
Aerowalk,19,no,a way beside it,RG (153),SG (352),494,-234,362,314,368,483,1.5,57,1.17,1.9,,306 -420 378,-113 -159 144
Aerowalk,20,yes,just makes it,LG (30),LG (307),283,3,322,298,410,503,1.0,38,0.68,0.9,,-220 316 321,-1 495 323
Aerowalk,21,yes,slower,SG (283),MH (103),387,-72,368,308,379,455,0.8,31,0.9,2.3,MH 1.0 s sooner,-70 -18 144,75 -377 72
Aerowalk,22,yes,slower,RL (62),SG (336),540,-232,417,344,379,456,0.8,30,1.17,2.4,,420 -22 377,-105 -135 144
Aerowalk,23,yes,slower,RG (296),SG (349),626,-232,479,451,508,568,0.5,20,1.17,2.3,,455 -445 377,-105 -164 144
Aerowalk,24,no,cannot,LG (187),RA (23),295,-5,399,337,381,420,0.5,18,0.7,,RA no other way,-404 252 366,-393 -50 360
Aerowalk,25,no,slower,RL (266),SG (293),392,0,514,462,513,590,0.4,16,0.73,1.8,,326 -50 145,-57 -106 144
Aerowalk,26,no,slower,SG (303),RL (273),386,1,521,463,486,512,0.3,10,0.73,1.9,,-77 -96 145,308 -47 146
Aerowalk,27,no,slower,RL (95),RG (212),398,-12,418,418,491,560,0.2,8,0.74,3.1,RG 2.2 s sooner,353 28 376,350 -369 366
Aerowalk,28,no,slower,RL (137),MH (360),496,-232,407,349,377,387,0.2,7,1.17,2.2,,313 52 376,-109 -205 144
Aerowalk,29,no,slower,RG (74),SG (254),487,-234,388,301,378,404,0.2,7,1.17,3.0,,153 -392 379,272 60 144
Aerowalk,30,no,slower,RL (286),MH (166),472,-72,498,426,487,549,0.2,6,0.89,2.0,RL 1.1 s sooner,348 -117 145,-20 -390 73
Aerowalk,31,no,slower,RG (29),RL (195),343,-24,336,334,379,446,0.2,6,0.84,3.6,RL 2.2 s sooner,141 -444 377,358 -140 354
Aerowalk,32,no,up a ledge,RA (211),RA (189),143,45,340,320,374,490,12.9,483,0.35,0.5,,-381 -109 144,-378 30 191
Aerowalk,33,no,up a ledge,MH (194),RL (171),153,45,346,320,388,518,10.6,398,0.38,0.5,,-66 -463 72,-214 -457 118
Aerowalk,34,no,up a ledge,GL (351),GL (292),138,46,352,324,372,421,9.8,368,0.35,0.7,,585 -420 72,650 -298 119
Aerowalk,35,no,up a ledge,SG (126),SG (232),152,46,350,323,370,421,4.9,183,0.4,0.6,,85 -118 -48,184 -218 -1
Aerowalk,36,no,up a ledge,LG (324),LG (402),152,45,345,317,370,438,3.4,129,0.38,0.5,,-66 569 320,79 542 366
Aerowalk,37,no,up a ledge,MH (171),MH (122),213,36,338,320,365,414,1.2,46,0.52,0.9,,200 -311 40,19 -411 74
Aerowalk,38,no,up a ledge,SG (121),SG (246),135,46,345,321,362,426,0.9,33,0.32,0.5,,210 -89 -48,234 -215 -1
Lost World,1,yes,just makes it,RA (499),YA (264),372,-68,356,314,375,471,11.7,455,0.88,1.2,,337 373 476,692 317 408
Lost World,2,yes,just makes it,RL (322),RA (476),268,12,361,324,380,438,7.3,283,0.65,0.9,,97 128 464,303 291 476
Lost World,3,yes,just makes it,YA (463),RL (271),296,2,386,340,387,449,5.6,218,0.7,1.1,,600 -43 464,333 -156 465
Lost World,4,no,a way beside it,PG (445),PG (168),293,0,408,357,385,435,5.3,205,0.68,1.0,,571 1217 472,857 1283 473
Lost World,5,no,a way beside it,PG (213),,300,0,406,346,375,419,3.8,149,0.7,1.4,,850 1099 472,583 968 473
Lost World,6,yes,just makes it,,RL (262),297,-8,355,321,363,426,3.6,140,0.73,1.0,,210 326 475,100 68 465
Lost World,7,yes,just makes it,GL (387),RA (226),324,2,410,354,438,516,3.3,129,0.68,1.1,,27 155 220,347 78 221
Lost World,8,no,a way beside it,,YA (103),526,-130,488,438,488,550,3.1,122,1.0,1.8,,333 434 476,844 295 347
Lost World,9,yes,slower,YA (337),RA (60),495,-184,417,340,375,415,2.7,105,1.1,4.2,RA 2.8 s sooner,-174 179 216,319 145 32
Lost World,10,yes,just makes it,RL (366),YA (331),372,-56,395,327,381,437,2.4,95,0.85,1.4,,425 -136 466,619 185 408
Lost World,11,yes,just makes it,RA (212),GL (384),325,0,368,321,445,535,2.4,94,0.68,1.0,,341 115 220,26 163 220
Lost World,12,yes,just makes it,PG (157),PG (435),291,0,398,341,381,441,2.3,88,0.7,1.2,,869 1177 472,582 1205 472
Lost World,13,no,a way beside it,RA (471),YA (86),513,-132,463,384,450,509,2.1,81,1.0,1.8,,348 289 476,859 286 346
Lost World,14,yes,just makes it,RA (483),YA (396),374,-64,371,324,387,512,1.7,67,0.88,1.5,,333 330 476,588 74 411
Lost World,15,yes,just makes it,RA (283),RA (238),296,-3,373,327,374,438,1.5,58,0.7,1.0,,169 183 220,420 56 218
Lost World,16,yes,just makes it,,YA (325),385,-64,349,326,387,477,1.5,58,0.88,1.3,,280 461 472,633 342 408
Lost World,17,yes,just makes it,YA (396),,214,52,352,329,422,462,1.4,56,0.47,0.8,,575 386 424,371 460 476
Lost World,18,yes,just makes it,RA (235),RA (283),297,4,367,333,394,516,1.2,46,0.68,1.0,,440 73 218,170 170 221
Lost World,19,no,a way beside it,RL (16),RA (323),531,-248,380,316,354,378,1.1,44,1.2,1.8,,58 -183 465,547 -7 216
Lost World,20,yes,slower,PG (490),PG (207),288,0,389,336,373,426,1.1,42,0.68,2.0,,571 1028 472,834 1134 472
Lost World,21,yes,just makes it,RA (239),RL (378),296,1,367,323,422,526,0.9,36,0.68,1.0,,240 205 219,-22 93 220
Lost World,22,yes,just makes it,YA (261),,278,3,329,303,372,422,0.8,31,0.7,0.9,,698 325 408,477 504 410
Lost World,23,yes,just makes it,RA (256),YA (364),360,-4,465,443,524,564,0.8,31,0.7,1.2,,211 162 220,-134 174 217
Lost World,24,yes,slower,,YA (77),547,-133,528,436,496,525,0.5,21,1.0,2.0,,345 431 478,866 279 344
Lost World,25,no,cannot,RL (425),RA (279),347,-90,349,292,321,366,0.2,6,0.93,,MH no other way; RA no other way; RL no other way; LG no other way; YA no other way; YA2 no other way,428 -357 309,398 -16 219
Lost World,26,no,cannot,RL (431),RA (360),361,-92,370,320,354,382,0.1,5,0.95,,MH no other way; RA no other way; RL no other way; LG no other way; YA no other way; YA2 no other way,432 -363 308,571 -46 216
Lost World,27,no,up a ledge,MH (230),MH (75),157,48,341,321,382,542,29.9,1160,0.4,0.6,,862 -3 216,1014 -16 264
Lost World,28,no,up a ledge,LG (82),YA (149),159,45,382,342,378,434,22.9,887,0.4,0.5,,-664 442 344,-505 442 390
Lost World,29,no,up a ledge,YA (91),YA (228),134,46,374,335,375,431,14.1,548,0.32,0.5,,-381 474 408,-377 606 455
Lost World,30,no,up a ledge,YA (73),YA (196),127,46,352,322,363,415,12.7,493,0.32,0.5,,886 300 344,762 319 391
Lost World,31,no,up a ledge,YA (496),,127,44,369,357,470,549,6.0,232,0.28,0.8,,834 706 177,950 761 222
Lost World,32,no,up a ledge,PG (388),PG (274),147,43,307,312,366,439,4.9,190,0.43,0.4,,757 1198 176,891 1256 220
Lost World,33,no,up a ledge,YA (179),MH (77),181,48,373,340,386,466,4.8,185,0.45,0.8,,892 123 216,1012 -3 264
Lost World,34,no,up a ledge,YA (429),,181,52,395,355,414,482,4.5,175,0.43,0.8,,543 397 425,370 447 476
Lost World,35,no,up a ledge,,,133,46,377,337,377,435,4.3,168,0.32,0.4,,573 855 408,443 862 455
Lost World,36,no,up a ledge,PG (378),PG (436),112,48,317,309,358,404,4.2,162,0.3,0.5,,817 933 344,708 931 394
Lost World,37,no,up a ledge,PG (399),PG (370),187,41,359,333,375,406,3.2,126,0.45,0.8,,801 1058 176,949 963 218
Lost World,38,no,up a ledge,SG (10),SG (165),159,45,373,358,474,553,3.1,121,0.35,0.3,,1309 353 177,1468 355 223
Lost World,39,no,up a ledge,YA (173),MH (281),120,45,379,337,381,453,2.7,105,0.3,0.4,,941 90 408,889 -21 454
Lost World,40,no,up a ledge,YA (492),YA (495),119,45,370,353,382,440,1.8,71,0.3,0.3,,-399 -71 216,-517 -66 262
Lost World,41,no,up a ledge,YA (324),YA (413),149,45,337,317,364,436,1.6,62,0.38,0.5,,639 141 408,634 -7 454
Lost World,42,no,up a ledge,,YA (363),195,43,424,369,467,544,1.6,62,0.43,0.6,,844 772 176,866 584 220
Lost World,43,no,up a ledge,RL (490),,184,43,371,335,385,465,1.5,59,0.45,0.6,,-351 -86 216,-437 -241 260
Lost World,44,no,up a ledge,,,177,43,412,369,418,504,1.2,47,0.38,0.5,,726 887 177,689 721 222
Lost World,45,no,up a ledge,,,206,43,398,341,380,409,1.0,40,0.5,0.7,,-626 -287 304,-712 -122 347
Lost World,46,no,up a ledge,PG (495),PG (409),159,44,354,327,376,424,0.9,35,0.4,0.6,,829 875 176,950 908 222
Lost World,47,no,up a ledge,PG (401),PG (478),141,45,346,316,371,416,0.9,34,0.36,0.5,,661 1088 344,635 953 391
Sinister,1,yes,just makes it,RA (51),RA (326),290,0,363,321,369,464,16.7,355,0.68,1.0,,652 990 536,677 714 537
Sinister,2,yes,just makes it,RA (337),RA (63),278,0,364,320,369,443,13.7,292,0.68,1.0,,679 704 536,659 978 536
Sinister,3,no,a way beside it,RA (437),RA (140),357,-2,474,446,491,570,10.4,221,0.68,1.3,,1092 1065 538,747 1146 536
Sinister,4,yes,just makes it,,RA (248),345,-4,385,359,466,546,8.4,178,0.7,1.0,,1170 1043 537,854 1189 533
Sinister,5,no,a way beside it,RA (21),SG (344),343,-28,409,337,377,446,8.0,170,0.77,1.0,,641 1028 536,388 801 508
Sinister,6,no,a way beside it,SG (315),SG (256),301,-4,396,333,392,554,8.0,170,0.7,1.0,,473 444 537,178 515 532
Sinister,7,yes,slower,MH (313),MH (391),127,55,342,316,364,429,6.2,132,0.32,9.1,LG 2.2 s sooner; RL 5.7 s sooner,615 -101 1,650 18 56
Sinister,8,yes,slower,RA (100),RA (390),316,-3,435,351,387,443,6.0,128,0.7,1.9,MH 1.1 s sooner,725 969 536,1041 980 533
Sinister,9,no,a way beside it,YA (115),RG (416),531,-191,440,353,388,436,5.9,125,1.12,1.7,,1358 -155 472,878 -378 282
Sinister,10,yes,just makes it,RA (296),RA (56),251,26,377,339,373,436,5.3,113,0.6,0.9,,444 1247 512,614 1075 538
Sinister,11,yes,slower,SG (340),SG (254),312,24,491,446,499,559,4.8,102,0.6,1.8,,386 797 508,181 570 532
Sinister,12,yes,slower,SG (255),SG (294),284,4,383,319,364,428,4.7,101,0.68,6.7,,179 522 532,451 473 537
Sinister,13,yes,just makes it,RA (310),RA (54),279,4,379,324,379,430,4.2,89,0.68,0.9,,916 1209 533,679 1087 537
Sinister,14,yes,just makes it,RA (459),RA (321),366,0,446,371,493,558,4.2,89,0.68,1.3,,1098 918 537,790 748 538
Sinister,15,no,a way beside it,SG (338),SG (287),305,24,484,436,482,551,3.9,84,0.6,1.5,,378 797 508,131 618 532
Sinister,16,yes,slower,RA (54),SG (296),558,-223,453,342,386,438,3.8,80,1.17,2.2,RL 1.1 s sooner,602 1039 536,109 780 314
Sinister,17,yes,just makes it,,LG (450),288,1,368,332,369,431,3.7,79,0.68,1.0,,959 1101 88,943 816 89
Sinister,18,yes,just makes it,LG (438),LG (499),299,0,367,333,417,525,3.3,70,0.68,1.0,,928 797 89,961 1089 88
Sinister,19,yes,just makes it,MH (467),MH (379),316,-20,376,331,373,436,2.8,60,0.75,1.0,,320 -506 304,110 -295 284
Sinister,20,yes,just makes it,RA (348),RA (448),287,0,389,341,380,425,2.4,51,0.68,0.9,,869 765 536,1090 931 537
Sinister,21,yes,just makes it,LG (499),LG (387),275,0,364,318,369,421,2.2,47,0.68,1.0,,914 1175 88,656 1241 89
Sinister,22,yes,just makes it,RA (285),RA (467),280,4,355,321,364,417,2.2,46,0.68,0.9,,897 1192 532,1122 1048 536
Sinister,23,no,a way beside it,RA (48),SG (294),537,-223,418,346,374,427,2.1,45,1.17,2.1,,611 1026 536,131 793 314
Sinister,24,yes,slower,SG (171),LG (339),588,-225,458,355,454,540,2.0,42,1.17,2.4,RG 1.1 s sooner; YA2 1.1 s sooner; RL 1.1 s sooner,218 700 313,809 764 88
Sinister,25,yes,slower,YA (287),RG (397),456,-192,362,333,364,417,1.8,38,1.12,3.0,RL 1.4 s sooner,1277 50 473,830 -32 281
Sinister,26,yes,just makes it,RA (335),RA (63),279,0,370,319,357,418,1.8,38,0.68,1.0,,868 781 536,678 982 537
Sinister,27,yes,just makes it,RA (472),RA (343),298,1,358,330,392,516,1.5,32,0.68,1.0,,1119 950 536,891 791 538
Sinister,28,yes,slower,YA (189),RG (404),501,-187,427,353,384,426,1.4,29,1.12,2.4,,1295 -223 472,831 -21 286
Sinister,29,yes,slower,YA (159),RG (401),506,-188,402,327,365,422,1.0,21,1.12,2.7,RL 1.0 s sooner,1324 -103 472,835 -23 284
Sinister,30,yes,slower,RA (439),RA (90),357,0,505,488,508,577,1.0,21,0.68,1.9,,1086 955 537,720 978 537
Sinister,31,no,slower,SG (287),SG (342),338,-25,391,318,379,433,0.6,12,0.77,4.5,RA 1.5 s sooner,126 603 532,383 800 508
Sinister,32,no,slower,YA (333),RG (405),535,-191,470,361,380,415,0.5,10,1.12,2.3,RL 1.1 s sooner,1222 59 473,852 -334 282
Sinister,33,no,slower,RL (171),YA (128),400,-194,313,374,442,555,0.4,8,1.12,2.7,,-279 22 282,-600 274 88
Sinister,34,no,slower,RG (329),MH (382),112,55,284,322,382,434,0.3,7,0.3,9.4,LG 2.6 s sooner; RL 6.0 s sooner,708 -79 2,639 19 57
Sinister,35,no,slower,RL (203),YA (128),426,-225,350,344,407,464,0.3,6,1.17,4.5,,-284 391 313,-599 109 88
Sinister,36,no,slower,YA (331),RG (402),528,-188,466,351,389,433,0.3,6,1.12,2.2,,1227 -383 472,826 -32 285
Sinister,37,no,up a ledge,SG (437),RA (449),131,49,369,370,454,530,5.6,120,0.3,0.5,,180 964 355,227 1083 403
Sinister,38,no,up a ledge,SG (295),SG (424),166,46,383,347,434,504,5.4,115,0.38,0.7,,139 798 313,188 952 359
Sinister,39,no,up a ledge,LG (106),LG (258),161,45,357,324,367,423,3.1,67,0.4,0.6,,612 865 0,728 767 46
Furious Heights,1,no,a way beside it,YA (277),MH (59),294,0,354,324,380,443,25.4,567,0.7,1.2,,200 1014 472,278 729 473
Furious Heights,2,yes,just makes it,MH (24),MH (299),313,0,362,327,431,543,15.8,353,0.68,1.1,,272 687 473,242 377 474
Furious Heights,3,no,a way beside it,,RL (369),308,1,400,356,394,457,15.5,346,0.7,1.4,,-1618 429 472,-1374 235 474
Furious Heights,4,no,a way beside it,,GL (448),313,1,421,360,396,450,14.4,322,0.7,1.2,,-1565 988 440,-1343 1209 442
Furious Heights,5,yes,just makes it,MH (317),MH (36),280,0,352,320,381,504,12.9,287,0.68,1.1,,196 369 473,285 638 473
Furious Heights,6,yes,just makes it,RL (376),,362,0,398,365,489,569,11.7,261,0.68,1.2,,-1362 237 473,-1035 89 474
Furious Heights,7,yes,slower,MH (45),MH (324),284,0,380,321,358,417,10.2,228,0.68,2.0,RL 1.2 s sooner,261 707 472,17 849 473
Furious Heights,8,yes,slower,MH (335),MH (39),298,0,405,352,388,436,8.6,191,0.7,1.8,MH 1.1 s sooner,-5 834 472,255 691 472
Furious Heights,9,no,a way beside it,,,350,-1,444,422,496,560,6.4,142,0.68,1.3,,-1339 504 474,-1005 601 473
Furious Heights,10,no,a way beside it,,PG (483),387,-1,524,483,515,590,6.1,136,0.7,1.4,,-1300 388 474,-935 283 472
Furious Heights,11,yes,just makes it,,,302,-24,355,314,353,396,6.1,135,0.77,1.3,,-1587 1013 440,-1625 1312 416
Furious Heights,12,no,a way beside it,LG (428),LG (480),296,0,390,334,386,473,5.6,124,0.68,1.2,,-230 329 473,52 242 473
Furious Heights,13,no,a way beside it,RL (328),RL (430),356,0,406,385,485,571,5.0,112,0.68,1.3,,-1379 192 474,-1111 -35 473
Furious Heights,14,yes,just makes it,YA (416),GL (233),293,0,389,339,384,445,4.5,100,0.69,1.2,,-1210 1005 440,-1140 1280 440
Furious Heights,15,no,a way beside it,MH (344),,543,-128,497,433,484,556,3.5,79,1.0,1.8,,14 880 473,-478 1102 345
Furious Heights,16,yes,just makes it,MH (247),MH (12),252,0,326,306,362,409,3.1,69,0.68,1.0,,262 918 472,291 666 473
Furious Heights,17,no,a way beside it,GL (447),GL (96),354,1,469,440,500,580,3.0,66,0.68,1.2,,-1340 1202 440,-1024 1369 441
Furious Heights,18,yes,just makes it,LG (467),LG (429),287,0,373,313,360,403,2.6,57,0.68,1.0,,53 223 472,-206 326 473
Furious Heights,19,yes,just makes it,RL (297),RL (31),267,1,361,312,371,413,2.3,52,0.68,1.0,,-1382 158 473,-1522 -70 474
Furious Heights,20,yes,just makes it,RL (47),RL (302),261,0,346,301,334,380,2.3,52,0.68,1.2,,-1519 -54 473,-1355 145 474
Furious Heights,21,yes,slower,RL (384),RL (124),273,16,402,355,401,476,2.2,48,0.62,2.8,RL 1.8 s sooner,-1631 276 457,-1604 8 472
Furious Heights,22,yes,just makes it,,,272,0,330,312,370,457,2.2,48,0.68,1.0,,-1392 486 473,-1126 569 474
Furious Heights,23,yes,just makes it,YA (485),YA (308),271,24,354,320,429,551,2.2,48,0.57,1.0,,-204 1223 449,47 1128 473
Furious Heights,24,yes,just makes it,,PG (460),287,0,348,303,384,518,2.1,47,0.68,1.0,,-1385 421 473,-1098 362 473
Furious Heights,25,yes,just makes it,GL (417),,324,0,429,408,465,549,1.8,40,0.68,1.0,,-554 1194 450,-233 1227 449
Furious Heights,26,yes,just makes it,,RL (362),296,0,354,301,390,492,1.7,39,0.68,1.0,,-1005 93 473,-1290 169 473
Furious Heights,27,yes,just makes it,MH (18),MH (269),249,0,310,297,377,487,1.6,35,0.68,1.0,,285 687 473,272 940 473
Furious Heights,28,yes,just makes it,,LG (431),340,0,470,435,508,577,1.3,30,0.68,1.0,,-1002 100 473,-658 119 473
Furious Heights,29,yes,slower,RL (447),RL (67),386,-1,514,457,544,595,1.0,22,0.7,2.5,RL 1.7 s sooner,-1089 -94 474,-1470 -95 473
Furious Heights,30,no,slower,,RA (249),669,-384,437,337,439,529,0.6,13,1.38,2.7,,-972 96 473,-1623 117 88
Furious Heights,31,no,slower,MH (297),MH (37),282,0,392,340,372,410,0.4,10,0.68,1.8,MH 1.1 s sooner; LG 1.1 s sooner,78 882 472,254 662 473
Furious Heights,32,no,slower,RL (71),RL (407),338,0,444,347,395,435,0.4,10,0.75,2.5,LG 1.6 s sooner,-1467 -113 472,-1129 -111 473
Furious Heights,33,no,slower,RL (456),RA (244),618,-384,429,361,433,599,0.4,10,1.4,2.6,,-1081 -69 473,-1655 143 88
Furious Heights,34,no,slower,,PG (498),400,0,575,502,545,570,0.4,9,0.68,1.7,LG 1.0 s sooner,-1285 386 474,-941 190 473
Furious Heights,35,no,slower,,RA (222),801,-386,568,477,512,581,0.3,6,1.39,3.3,,-843 -104 475,-1606 141 88
Furious Heights,36,no,slower,,YA (24),591,-328,435,335,398,432,0.3,6,1.33,2.5,YA2 1.2 s sooner,-1625 1276 416,-1062 1116 88
Furious Heights,37,no,slower,,YA (216),666,-257,529,446,497,555,0.3,6,1.23,2.4,YA 1.2 s sooner,-496 598 474,-22 1060 216
Furious Heights,38,no,slower,RL (439),SG (241),550,-398,421,245,333,381,0.2,5,1.3,2.5,,-1132 75 486,-1679 126 88
Furious Heights,39,no,slower,,YA (175),676,-257,540,476,501,551,0.2,5,1.23,2.3,,-357 539 473,222 916 216
Furious Heights,40,no,up a ledge,,,165,44,374,353,389,449,5.4,120,0.4,0.5,,-527 1002 344,-524 843 390
Furious Heights,41,no,up a ledge,,GL (328),200,45,389,377,574,673,5.0,112,0.35,0.6,,-501 1109 345,-696 1148 391
Furious Heights,42,no,up a ledge,LG (66),LG (283),210,42,384,342,494,604,4.1,92,0.45,0.8,,-352 -99 408,-566 -97 451
Furious Heights,43,no,up a ledge,LG (63),LG (284),221,43,399,362,514,639,4.0,89,0.43,0.7,,-227 -97 409,-9 -86 452
Furious Heights,44,no,up a ledge,YA (302),YA (442),136,44,339,318,457,540,2.6,59,0.3,0.5,,-108 1118 217,-245 1130 262
Furious Heights,45,no,up a ledge,,,182,48,360,323,374,424,1.6,35,0.45,0.9,,-467 757 425,-293 691 472
Battleforged,1,yes,slower,,RA (118),433,-64,417,353,472,584,11.2,252,0.88,4.9,RA 3.5 s sooner,207 525 -71,618 566 -136
Battleforged,2,yes,slower,LG (260),SG (272),308,0,420,345,378,440,3.8,86,0.7,2.1,RA 1.1 s sooner; RL 1.4 s sooner,259 -415 -295,-37 -315 -296
Battleforged,3,yes,slower,SG (259),LG (270),327,-1,427,358,425,543,1.6,36,0.7,2.2,,-58 -313 -295,247 -410 -296
Battleforged,4,no,a way beside it,LG (379),SG (198),503,-224,392,314,366,435,1.6,36,1.17,1.7,,217 -411 -72,-258 -300 -295
Battleforged,5,yes,slower,,RA (150),534,-65,564,480,560,648,1.5,33,0.88,5.2,RA 3.5 s sooner,75 486 -71,588 541 -136
Battleforged,6,yes,just makes it,GL (302),GL (35),269,0,356,318,354,408,1.4,31,0.68,0.9,,-559 -769 25,-354 -598 25
Battleforged,7,no,slower,RL (125),RL (406),283,0,401,353,365,400,0.4,9,0.68,2.0,,39 -171 -71,149 -432 -71
Battleforged,8,no,slower,GL (265),YA (252),651,-162,582,506,539,575,0.4,8,1.08,2.1,YA 1.1 s sooner,-589 -533 25,-251 -1105 -136
Battleforged,9,no,slower,,LG (416),141,35,491,412,505,550,0.3,6,0.28,9.0,RA 3.3 s sooner; RL 5.9 s sooner,359 -790 -107,381 -650 -72
Battleforged,10,no,slower,RG (294),RL (230),665,-171,594,541,550,612,0.2,5,1.1,2.3,,-677 -356 25,-361 -955 -144
Battleforged,11,no,slower,LG (341),LG (338),126,46,421,350,383,475,0.2,5,0.3,8.3,RA 2.9 s sooner; RL 5.4 s sooner,580 -603 -118,457 -569 -72
Battleforged,12,no,slower,RG (269),,528,-98,534,449,516,557,0.2,5,0.95,2.0,,-638 -179 27,-593 342 -72
Battleforged,13,no,up a ledge,RL (144),RL (197),163,45,391,349,383,442,12.3,277,0.4,0.6,,-464 -782 -200,-377 -918 -154
Battleforged,14,no,up a ledge,SG (338),RG (359),170,44,381,342,407,542,10.5,236,0.4,0.5,,-274 1 -272,-439 -26 -226
Battleforged,15,no,up a ledge,SG (194),RG (265),155,45,366,337,414,556,7.3,164,0.38,0.5,,-239 -294 -295,-391 -294 -250
Battleforged,16,no,up a ledge,,,146,45,378,337,383,464,5.6,125,0.35,0.5,,-816 281 -72,-843 138 -25
Battleforged,17,no,up a ledge,MH (465),MH (443),154,45,373,354,435,507,5.0,112,0.32,0.4,,333 -782 -215,245 -902 -169
Battleforged,18,no,up a ledge,RG (412),RG (500),136,45,355,327,378,460,3.9,87,0.35,0.5,,-587 5 -200,-602 133 -153
Battleforged,19,no,up a ledge,LG (74),LG (228),154,45,356,327,387,474,3.7,84,0.38,0.5,,509 -401 -296,509 -549 -249
Battleforged,20,no,up a ledge,RL (54),RL (191),133,46,362,338,368,425,3.6,80,0.32,0.5,,-340 -788 -200,-328 -918 -153
Battleforged,21,no,up a ledge,RA (247),RA (399),148,43,384,335,403,489,3.1,70,0.32,0.5,,701 316 -135,664 172 -90
Battleforged,22,no,up a ledge,RG (70),RG (82),130,45,316,294,335,455,2.9,66,0.38,0.4,,-461 -289 24,-332 -286 70
Campgrounds,1,yes,just makes it,SG (337),GL (458),325,3,417,379,419,444,12.9,10,0.7,1.1,,-1097 -787 538,-1270 -508 541
Campgrounds,2,no,a way beside it,YA (122),LG (279),553,-256,445,343,379,435,10.4,8,1.21,1.9,,-1385 363 539,-836 281 283
Campgrounds,3,yes,just makes it,GL (439),GL (230),339,1,402,371,454,596,10.4,8,0.68,1.2,,-1303 -515 540,-1371 -174 541
Campgrounds,4,yes,just makes it,GL (326),GL (189),330,2,416,352,450,523,7.8,6,0.68,1.2,,-1473 109 539,-1411 -199 540
Campgrounds,5,yes,slower,GL (257),YA (205),430,-2,580,495,579,666,7.8,6,0.71,1.8,,-1346 -154 540,-1384 264 538
Campgrounds,6,yes,just makes it,GL (224),GL (302),325,1,396,336,472,535,6.5,5,0.68,1.1,,-1378 -220 539,-1467 79 540
Campgrounds,7,no,a way beside it,GL (318),YA (23),334,-1,441,448,482,497,6.5,5,0.7,1.2,,-1474 100 539,-1474 427 538
Campgrounds,8,no,a way beside it,YA (177),GL (271),302,0,383,369,391,405,6.5,5,0.68,1.2,,-1548 289 538,-1424 14 538
Campgrounds,9,yes,slower,RG (477),RG (89),403,-9,528,459,478,558,5.2,4,0.74,11.1,RG 9.6 s sooner,431 -636 541,491 -238 532
Campgrounds,10,yes,slower,RG (27),RG (480),457,-1,608,570,626,667,5.2,4,0.75,4.8,RL 1.7 s sooner,461 -180 539,410 -638 538
Campgrounds,11,no,a way beside it,GL (334),SG (343),424,0,580,530,557,581,5.2,4,0.68,1.4,,-1319 -373 539,-1117 -749 539
Campgrounds,12,no,a way beside it,GL (193),SG (451),360,-2,510,484,496,499,5.2,4,0.68,1.2,,-1410 -219 540,-1291 -563 538
Campgrounds,13,yes,just makes it,SG (420),SG (358),343,0,485,454,499,525,5.2,4,0.69,1.1,,-1269 -607 539,-1009 -831 539
Campgrounds,14,yes,slower,GL (265),GL (336),386,2,546,520,560,584,5.2,4,0.7,1.8,,-1419 1 538,-1319 -377 540
Campgrounds,15,yes,just makes it,GL (35),GL (301),277,-1,398,346,364,366,3.9,3,0.68,1.0,,-1574 -172 540,-1496 90 538
Campgrounds,16,no,a way beside it,GL (222),YA (193),427,-2,623,573,593,659,3.9,3,0.68,1.6,,-1381 -154 540,-1389 274 539
Campgrounds,17,yes,just makes it,YA (38),YA (324),286,2,415,335,408,411,3.9,3,0.68,1.1,,-1485 414 538,-1475 125 540
Campgrounds,18,yes,just makes it,GL (322),GL (60),271,0,388,361,380,392,3.9,3,0.68,0.9,,-1346 -389 540,-1552 -226 540
Campgrounds,19,no,slower,PG (276),RA (109),641,-330,471,381,400,419,2.6,2,1.33,2.4,,-172 -879 539,336 -1269 209
Campgrounds,20,no,up a ledge,PG (468),RA (401),179,46,403,374,507,634,7.8,6,0.38,0.6,,267 -787 24,273 -967 70
Campgrounds,21,no,up a ledge,,,154,46,411,397,428,428,3.9,3,0.38,0.4,,906 -719 410,762 -757 456
Campgrounds,22,no,up a ledge,RA (71),RA (190),109,45,393,367,375,454,3.9,3,0.28,0.5,,189 -1326 218,113 -1232 263
